/*
  # 初期データの投入

  1. 初期データ
    - メンバーデータ（モックデータから移行）
    - 協力業者データ
    - プロジェクトデータ
    - メンバー配置データ
    - 協力業者配置データ
*/

-- メンバーデータ投入
INSERT INTO members (id, name, team, qualifications, available_hours_start, available_hours_end, available_areas, notes, is_active, created_at, updated_at) VALUES
('550e8400-e29b-41d4-a716-446655440001', '山田 太郎', '東京保守チーム', ARRAY['電気主任技術者', '第一種電気工事士'], '08:00', '18:00', ARRAY['東京都', '神奈川県'], '経験豊富なリーダー', true, '2025-01-01T00:00:00Z', '2025-01-01T00:00:00Z'),
('550e8400-e29b-41d4-a716-446655440002', '佐藤 花子', '東京保守チーム', ARRAY['第二種電気工事士'], '09:00', '17:00', ARRAY['東京都'], '要宿泊不可', true, '2025-01-01T00:00:00Z', '2025-01-01T00:00:00Z'),
('550e8400-e29b-41d4-a716-446655440003', '田中 次郎', '関西保守チーム', ARRAY['電気主任技術者', '施工管理技士'], '08:00', '19:00', ARRAY['大阪府', '京都府', '兵庫県'], '', true, '2025-01-01T00:00:00Z', '2025-01-01T00:00:00Z'),
('550e8400-e29b-41d4-a716-446655440004', '鈴木 三郎', '東京保守チーム', ARRAY['第一種電気工事士'], '07:00', '16:00', ARRAY['東京都', '千葉県', '埼玉県'], '早朝対応可能', true, '2025-01-01T00:00:00Z', '2025-01-01T00:00:00Z'),
('550e8400-e29b-41d4-a716-446655440005', '高橋 美咲', '関西保守チーム', ARRAY['第二種電気工事士', '消防設備士'], '09:00', '18:00', ARRAY['大阪府', '奈良県'], '消防設備も対応可', true, '2025-01-01T00:00:00Z', '2025-01-01T00:00:00Z');

-- 協力業者データ投入
INSERT INTO external_partners (id, name, is_active, created_at, updated_at) VALUES
('660e8400-e29b-41d4-a716-446655440001', '田中電設', true, '2025-01-01T00:00:00Z', '2025-01-01T00:00:00Z'),
('660e8400-e29b-41d4-a716-446655440002', '株式会社山田工業', true, '2025-01-01T00:00:00Z', '2025-01-01T00:00:00Z'),
('660e8400-e29b-41d4-a716-446655440003', '佐藤電気工事', true, '2025-01-01T00:00:00Z', '2025-01-01T00:00:00Z'),
('660e8400-e29b-41d4-a716-446655440004', '関西電設株式会社', true, '2025-01-01T00:00:00Z', '2025-01-01T00:00:00Z');

-- プロジェクトデータ投入
INSERT INTO projects (id, name, date, work_time_start, work_time_end, location, work_content, required_members, notes, lead_member_id, is_active, created_at, updated_at) VALUES
('770e8400-e29b-41d4-a716-446655440001', 'A社電気点検', CURRENT_DATE, '09:00', '17:00', '東京都中央区', '受電設備点検・絶縁抵抗測定', 2, '安全靴必須、屋内作業', '550e8400-e29b-41d4-a716-446655440001', true, '2025-01-01T00:00:00Z', '2025-01-01T00:00:00Z'),
('770e8400-e29b-41d4-a716-446655440002', 'B工場定期点検', CURRENT_DATE + INTERVAL '1 day', '08:00', '16:00', '神奈川県横浜市', '工場内電気設備全般点検', 3, '作業服貸与あり、要安全教育', '550e8400-e29b-41d4-a716-446655440003', true, '2025-01-01T00:00:00Z', '2025-01-01T00:00:00Z'),
('770e8400-e29b-41d4-a716-446655440003', 'Cビル非常用発電機点検', CURRENT_DATE + INTERVAL '2 days', '10:00', '15:00', '東京都新宿区', '非常用発電機運転試験・点検', 1, '騒音注意、テナント営業中', NULL, true, '2025-01-01T00:00:00Z', '2025-01-01T00:00:00Z'),
('770e8400-e29b-41d4-a716-446655440004', 'D病院緊急対応', CURRENT_DATE - INTERVAL '1 day', '14:00', '18:00', '東京都世田谷区', '医療機器用電源設備修理', 2, '緊急案件、病院内感染対策必須', '550e8400-e29b-41d4-a716-446655440001', true, '2025-01-01T00:00:00Z', '2025-01-01T00:00:00Z'),
('770e8400-e29b-41d4-a716-446655440005', 'E商業施設年次点検', CURRENT_DATE + INTERVAL '7 days', '06:00', '12:00', '千葉県船橋市', '商業施設電気設備年次点検', 3, '開店前作業、早朝対応', NULL, true, '2025-01-01T00:00:00Z', '2025-01-01T00:00:00Z');

-- プロジェクトメンバー配置データ投入
INSERT INTO project_member_assignments (project_id, member_id) VALUES
('770e8400-e29b-41d4-a716-446655440001', '550e8400-e29b-41d4-a716-446655440001'),
('770e8400-e29b-41d4-a716-446655440001', '550e8400-e29b-41d4-a716-446655440002'),
('770e8400-e29b-41d4-a716-446655440002', '550e8400-e29b-41d4-a716-446655440003'),
('770e8400-e29b-41d4-a716-446655440004', '550e8400-e29b-41d4-a716-446655440001'),
('770e8400-e29b-41d4-a716-446655440004', '550e8400-e29b-41d4-a716-446655440004');

-- プロジェクト協力業者配置データ投入
INSERT INTO project_external_partner_assignments (project_id, partner_id, member_count, representative_name) VALUES
('770e8400-e29b-41d4-a716-446655440001', '660e8400-e29b-41d4-a716-446655440001', 2, '田中 一郎'),
('770e8400-e29b-41d4-a716-446655440004', '660e8400-e29b-41d4-a716-446655440001', 1, '田中 一郎');